"text","label","notes"
"Tarkovsky's use of water in Stalker is doing more than atmosphere — it's a recurring symbol of transition between states of consciousness. Every major threshold in the Zone is marked by water: the characters wade through it to enter, they rest beside it at turning points, and the final image returns to it. Water in Orthodox iconography represents purification and passage, and Tarkovsky was deeply embedded in that tradition. The symbolism isn't decorative; it's structural.","analysis",""
"What makes the editing in Mad Max: Fury Road formally interesting is how it violates the 180-degree rule deliberately and systematically rather than accidentally. Miller establishes eyelines and then crosses them during action beats to create spatial disorientation that mirrors the characters' psychological states. It shouldn't work by classical Hollywood grammar, but it does because the cuts are always motivated by sound — the edit happens on a crash or a roar, so your brain processes the break as percussive rather than confusing.","analysis",""
"Parasite's vertical architecture is doing class critique that the dialogue never has to state directly. The Parks live at the top of a hill in a house built upward; the Kims live in a semi-basement where the only window looks up at street-level feet. The metaphor is explicit but Bong never lets it become a lecture — the geometry of the spaces just is the class relationship, and every scene reinforces it spatially.","analysis",""
"The reason Jeanne Dielman works as a feminist text isn't just subject matter — it's duration. Akerman's insistence on showing every domestic task in real time refuses the editing convention that compresses women's labor into montage. By making the audience sit through the full length of peeling potatoes and making the bed, she forces an acknowledgment that this work takes time and therefore has value. The formal choice is the argument.","analysis",""
"Chinatown is structurally a tragedy in the classical sense: Gittes's fatal flaw is competence. He's too good at his job. Every time he uncovers the truth, he accelerates the catastrophe. The screenplay understands that noir isn't about mystery — it's about the futility of knowledge. Knowing doesn't help; knowing makes it worse. The ending is devastating precisely because Gittes did everything right.","analysis",""
"Lynch's sound design in Eraserhead is more important than the visuals in creating dread. The film runs on a constant low industrial hum that never resolves — it never builds to a climax or drops away for relief. That sustained ambient pressure prevents any scene from feeling safe, which is exactly the experience of new parenthood the film is dramatizing. The sound is the anxiety made audible.","analysis",""
"Barry Lyndon's use of natural candlelight isn't just a technical achievement — it changes the film's relationship to history. Every interior scene lit only by candles produces a warmth and softness that makes the 18th century feel tactile and real rather than theatrical. But that beauty is at war with the film's content: the same warm light falls on scenes of cruelty, social humiliation, and cold calculation. Kubrick uses aesthetic pleasure to implicate the viewer.","analysis",""
"The narrative structure of Rashomon is formally doing something specific about epistemology, not just 'everyone lies.' Each witness account is internally consistent and each one would be satisfying if presented alone as the true version. Kurosawa isn't saying truth is relative — he's demonstrating that the human need for narrative coherence is so strong that people will construct a complete story from incomplete information, even when that story serves their ego. The point is about storytelling itself.","analysis",""
"Agnès Varda's approach to documentary in The Gleaners and I is self-reflexive in a way that actually serves the subject. She films herself aging, films the battery light on her camera dying, films herself filming — the foregrounding of the camera as a tool of gathering makes her one of the gleaners she's documenting. The form and subject collapse into each other. This is not a gimmick; it's the only honest way to make this film.","analysis",""
"Spielberg uses rack focus in Schindler's List to separate Schindler from the crowd visually in a way that has a precise moral meaning: he is always in focus when the Jewish workers are blurred, and vice versa, until the film's emotional turn when both are in focus simultaneously for the first time. It's a subtle formal cue for where moral attention is located in any given scene.","analysis",""
"The long take in Werckmeister Harmonies where the townspeople enter the whale is formally remarkable because Tarr refuses to cut to reaction shots. We follow the characters into the space and then simply observe alongside them. The absence of the reaction shot — the conventional grammar of 'here is how you should feel' — forces the viewer to generate their own response. The technique is simultaneously Brechtian and deeply empathetic.","analysis",""
"Neon Genesis Evangelion works as psychological horror because it uses the conventions of mecha anime — the genre of empowerment fantasies — and systematically strips them of their comfort. The EVA units should be heroic machines; instead they are revealed to be biological, screaming, and bound. Every trope the genre promises is delivered and then immediately shown to be a lie. The critique is only possible from inside the genre it's destroying.","analysis",""
"The color red in Three Colors: Red appears only in scenes involving fate or destiny — Carmen's jacket, the telephone cords, the judge's dog — and is almost entirely absent in scenes of ordinary daily life. Kieslowski uses color not symbolically in the blunt sense (red = passion) but structurally, as a marker of moments when the film's hidden theme of interconnection surfaces. You could map his color choices and reconstruct the film's argument from them alone.","analysis",""
"What makes the dialogue in Before Sunrise work isn't naturalism — it's actually quite literary. Linklater and the co-writers give Jesse and Celine speeches that real people on a first meeting would never deliver with that precision. But the film earns this because both characters are established as people who have thought carefully about these ideas and are performing a version of themselves they want the other person to see. The eloquence is character, not a script failure.","analysis",""
"2001's final sequence abandons narrative logic because the film is arguing that human consciousness cannot comprehend what it is approaching. Kubrick literally runs out of the representational tools cinema has — linear time, causal space, recognizable human experience — and replaces them with pure color and form. The decision to not explain is the explanation. The film would be worse, not better, with a coherent ending.","analysis",""
"The shower scene in Psycho is usually taught as a lesson in editing rhythm, but what's less discussed is how Hitchcock spends the first forty minutes of the film building Marion Crane as a fully realized protagonist specifically so her death destroys the viewer's sense of narrative orientation. We don't just lose a character; we lose the organizing principle of the film. The formal shock depends entirely on the prior investment.","analysis",""
"Moonlight's triptych structure works because each section uses a different visual grammar. The first section is fluid and handheld, close to Chiron's body; the second is more rigid and institutional, reflecting the violence of his environment; the third is composed and still, reflecting his adult armor. Laxton's cinematography isn't just style — it's tracking a psychological history.","analysis",""
"The reason Portrait of a Lady on Fire feels formally different from most period films is that Sciamma refuses the conventional visual grammar of the male gaze. There are no slow pans across the female body for the viewer's pleasure — every time Marianne paints Héloïse, the camera is interested in Marianne's looking rather than in the object of the gaze. The film is about the experience of sustained attention, not its product.","analysis",""
"Apocalypse Now's structural collapse in the third act is not a failure of the screenplay — it's the point. The film progressively abandons narrative coherence as Willard moves deeper into Kurtz's territory, and this formal disintegration mirrors the breakdown of the military and moral frameworks the journey was supposed to enforce. Coppola is formally enacting the argument that the logic of the mission always leads here.","analysis",""
"The use of ellipsis in Yi Yi — specifically what Yanng-Yang's photographs reveal about what the film doesn't show — is central to Edward Yang's method. Adults in the film are consistently unable to see what is happening around them; Yang-Yang photographs the backs of people's heads to show them what they cannot see. The motif is not metaphor; it is a literal staging of the film's theme about the limits of self-knowledge.","analysis",""
"Drive's violence is shocking specifically because of its tonal contrast with the film's first hour. Refn spends sixty minutes building a movie that looks and feels like a 1980s romantic thriller — slow dissolves, synth score, idealized compositions — and then introduces violence with a sudden physical specificity that those conventions have no language for. The genre expectation is weaponized against the viewer.","analysis",""
"In Certified Copy, Kiarostami never resolves whether the couple were strangers who began playing a role or a long-married couple who were strangers at the start. But the film's argument doesn't depend on resolving it: Kiarostami is interested in how identity in relationships is always a performance, always a copy that generates its own original. The ambiguity isn't a puzzle to solve; it's the film's actual position.","analysis",""
"The opening twenty minutes of There Will Be Blood establishes Plainview entirely through behavior and silence — no backstory, no exposition, no interiority explained. Anderson trusts that watching someone work for twenty minutes without dialogue tells us everything we need to know about who they are. It's a formal bet on behavior over explanation, and Day-Lewis's performance is precise enough that it pays off.","analysis",""
"Tokyo Story uses the tatami shot — low camera, static composition — not for stylistic consistency but for specific moral weight. The low angle forces the viewer to observe the family from within the same plane, rather than from above. You cannot have the detachment that elevation provides. Ozu literally positions the viewer inside the domestic space where the emotional events occur, making observation feel like participation.","analysis",""
"Eternal Sunshine's non-linear structure isn't just formally clever — it's doing something specific about memory. The scenes aren't scrambled randomly; they're ordered in reverse psychological chronology, moving from recent surface memories to formative deep ones as the erasure progresses. The structure enacts the film's argument that what we remember last is what mattered first. The form is the thesis.","analysis",""
"The silent sequences in The Artist work because Hazanavicius understands that silent film was never truly silent — it was a medium built around musical and visual rhythm, not the absence of sound. The scenes that fail are the ones that treat silence as absence; the scenes that work are the ones built as silent films were originally made, with intertitles as punctuation and physical performance as the primary carrier of meaning.","analysis",""
"What Certified Copy, Past Lives, and Before Sunset share formally is the use of the long take during conversation to refuse the manipulation of shot-reverse-shot editing. When two faces occupy the same frame for five minutes of dialogue, the viewer cannot be directed by cuts toward one emotional response or another — you have to generate your own reading of the dynamic. The form produces genuine ambiguity that editing would destroy.","analysis",""
"The pacing in Jeanne Dielman is often described as slow, but that's the wrong frame. The film is precisely paced — it runs on the schedule of the tasks being performed. When the schedule breaks down in the third day, the timing of the film itself begins to shift: actions start earlier or later than expected, scenes end before their natural completion. The film's rhythm is the character, and its disruption is the drama.","analysis",""
"Bicycle Thieves works as neorealism not because of its formal roughness but because De Sica makes the economic system visible as a character. The bike is a prop, a job requirement, and an entire class position — losing it isn't just bad luck, it's the precise mechanism by which poverty reproduces itself. The script is built to make that mechanism legible without ever stating it as a theme.","analysis",""
"Carol's use of glass and reflection throughout — car windows, cafe glass, mirrors, rain-streaked windshields — does two things at once: it creates the sense of Therese observing her life from outside rather than living it, and it creates legal cover for gazes that would have been explicitly surveilled in 1952. The film's formal choices are historically specific. The glass is closet.","analysis",""
"What separates In the Mood for Love from mere nostalgia is Wong's understanding that the film must deny the viewer exactly what it keeps promising. The central relationship is never consummated on screen; every slow-motion corridor scene is ache without release. The formal strategy — show approach, withhold arrival — creates a longing in the viewer that is the emotional equivalent of the characters' situation. You feel what they feel through deprivation.","analysis",""
"The reason the final shot of The 400 Blows still works after sixty years is that Truffaut holds the freeze frame long enough to become uncomfortable. It starts as formal flourish — the unexpected ending — and then keeps going until it becomes accusatory. You are being made to look at this child. The duration transforms a cinematic quote into a moral demand.","analysis",""
"Alfonso Cuarón's use of continuous long takes in Children of Men isn't merely technical showmanship — each unbroken shot forces the viewer into the phenomenological time of the action. You cannot escape into an edit; you cannot be given a moment's rest by a cut to something else. The siege sequences work as horror partly because the camera is trapped in them alongside the characters.","analysis",""
"Pan's Labyrinth argues its theme through visual contrast rather than statement: every scene in the real world is desaturated, cold, geometric; every scene in Ofelia's fantasy world is warm, organic, saturated with color. del Toro is not saying the fantasy world is better — the monsters there are as dangerous as the fascists here — but that color itself represents interiority and the capacity for imagination that the regime is trying to exterminate.","analysis",""
"The documentary elements in United 93 — real air traffic controllers playing themselves, real-time parallel editing between the hijacking and the FAA response — are not simply verisimilitude techniques. Greengrass is making an argument about institutional failure: the bureaucratic procedures that the FAA and military run through with tragic competence while the passengers are improvising survival. The parallel structure is the critique.","analysis",""
"Bergman's use of direct address in Persona — characters looking directly into the camera at key moments — breaks the fourth wall at exactly the points where identity is most unstable. The look implicates the viewer in the film's question about whether the self is coherent or a performance. It's not a Brechtian alienation effect; it's a recruitment into the film's anxiety.","analysis",""
"The musical choices in Beau Travail — specifically the use of Rhythm of the Night during the final sequence — work as irony only if you've earned it. Denis has spent the entire film in a register of repression so total that the explosion of that dance is either catharsis or delusion, and she refuses to specify which. The pop song is maximally readable and maximally ambiguous simultaneously.","analysis",""
"What Kubrick does with Vietnam in Full Metal Jacket is formally cleaner than Apocalypse Now and more dishonest: he separates the film into two halves so the critique of military training never has to encounter the actual war. The boot camp sequences are brilliant self-contained cinema; the Vietnam half is more conventional. The formal partition lets Kubrick be devastating about institutions without taking a position on what those institutions actually produced.","analysis",""
"The ending of Mulholland Drive makes the first two hours more coherent, not less, if you read the film backward from the blue box. What felt like a mystery becomes recognizable as fantasy: Diane has constructed an elaborate wish-fulfillment narrative in which she is talented, desired, heroic, and not responsible for what she did. The film is a psychological structure, not a puzzle.","analysis",""
"Terrence Malick's voiceover is often criticized as pretentious, but the criticism misses what it's doing formally. The voiceover in The Thin Red Line is not narration — it never tells us what happens or why. It runs orthogonally to the action, asking questions the images don't answer. The form is anti-Aristotelian: Malick refuses to let meaning locate itself in event, only in the space between event and contemplation.","analysis",""
"The claustrophobia in Das Boot is architecturally produced. Petersen built the submarine interior to actual dimensions and then filmed it with lenses that compress space further. The physical constraints on the camera — where it could be placed, how far it could be from a face — mean that the film's visual grammar was determined by the set's geometry rather than by conventional choices. The form is material.","analysis",""
"Marriage Story uses each of its two musical numbers — both characters singing alone, in their respective apartments — to reveal what the marriage needed and couldn't contain. Charlie sings about being alive; Nicole sings about not being afraid anymore. The numbers aren't nostalgia; they're each character finally saying what they wanted from the relationship, but only after it's over and they're alone.","analysis",""
"The opening tracking shot of Touch of Evil is famous but its function is more specific than people usually note. It establishes the bomb's presence and then forces the viewer to forget about it through the crowded, engaging street life. When the car explodes, the viewer has failed the same test the characters failed — we were distracted by the spectacle and ignored the danger we knew was there. Welles implicates us.","analysis",""
"Shoplifters works as a critique of biological family precisely because Kore-eda refuses to romanticize the chosen family he depicts. They steal, they lie, they make decisions that harm each other. The film doesn't argue chosen families are better — it argues that what constitutes a family is a question of behavior and care, not genetics, and that the answer is always complicated and never pure.","analysis",""
"The narrative ellipses in Scenes from a Marriage — what Bergman leaves out of the six-episode version — are as important as what's included. We see the crisis; we skip the aftermath; we rejoin years later. The elision of ordinary life between crises is itself an argument about how memory works in long relationships: what persists is intensity, not duration.","analysis",""
"Caché's anxiety depends on Haneke refusing to reveal who is sending the tapes. Most thrillers use this as a mystery to be solved; Haneke uses it to make the guilty conscience itself the subject. Georges behaves as if he knows who it is, which means he knows what he did, which means the film's true subject is not the threat but the buried history that makes the threat legible to him alone.","analysis",""
"The ending of Cache is a single wide shot of a school steps held for ninety seconds with no score, no close-ups, no guidance. Haneke hides two characters meeting in the background of what appears to be a static establishing shot. The formal decision — burying the significant event in the frame's margin — is the film's argument in miniature: what we refuse to look at directly is what we are most responsible for.","analysis",""
"Dardenne brothers' use of handheld cameras that follow characters from behind rather than in front is a specific ethical choice: the camera doesn't know where the characters are going because it can't see their faces, can't read their intentions. Rosetta and The Son both use this grammar to place the viewer in the position of witnessing behavior from the outside rather than accessing psychology from within.","analysis",""
"The sound design in No Country for Old Men is built on strategic silence. Chigurh makes almost no sound when he moves; scenes that should have ambient noise are stripped clean. The Coens use this to create dread from absence rather than presence — the threat is not signaled by the conventional grammar of horror scoring but by the removal of the environmental sounds that usually tell you things are normal.","analysis",""
"What makes Kelly Reichardt's work formally distinctive is her relationship to incident. In Wendy and Lucy, the narrative events are small (a dog gets lost) but the formal attention given to their aftermath is identical to what Hollywood grammar reserves for major turning points. The mismatch between scale of event and scale of attention is Reichardt's argument: these small things are not small to the people they happen to.","analysis",""
"The final sequence of Come and See puts Flyora in front of a photograph of Hitler and the film cuts between his face and the photographs moving backward through history — Hitler as a child, as an infant, in his mother's arms. Klimov is asking whether the viewer wants to shoot the child. Most viewers do want to. The sequence is an argument about the moral limits of historical retrospection and the seductiveness of counterfactual revenge.","analysis",""
"Kiarostami's Close-Up collapses the boundary between documentary and fiction by casting the real participants of the original incident as themselves, reconstructing events that actually occurred. The film's subject — imposture, identity, the desire to be an artist — is enacted by the film's own formal strategy. The film is doing what it is about.","analysis",""
"The montage sequences in The Godfather Part II that cut between Vito in 1917 and Michael in 1958 are not parallel structure for contrast — they are the same story. Both men make the same choices in the same situations for the same reasons. The editing argues that Michael has not corrupted something pure but has continued something that was always corrupt. The myth of the good Corleone is built into the film only to be dismantled by it.","analysis",""
"In The Master, Anderson refuses to give us Freddie's interior life directly — we only see behavior, and the behavior is contradictory. This is formally the right choice: a film about the appeal of totalizing belief systems should not explain why someone is susceptible to them, because the explanation is never adequate to the reality. Freddie's incomprehensibility is the point.","analysis",""
"Gravity's single-take opening establishes the film's visual argument: in space, there is no ground, no up, no anchor. The camera rotates freely, the characters' bodies reorient relative to the frame, the horizon disappears. Cuarón uses this not as spectacle but as a formal preparation for the film's psychological stakes — what Sandra Bullock's character needs to find is not physical ground but psychological orientation.","analysis",""
"The ending of The Seventh Seal — the silhouette of Death leading the characters in a dance along the ridge — is often read as bleak. But Bergman shows Jof watching the dance from a hillside in full sunlight, and Jof doesn't recognize his companions in it. The artist survives by not recognizing death when it comes for others. The ambiguity of whether this is consolation or irony is the film's final and most honest move.","analysis",""
"Aronofsky's use of the hip-hop montage — tight close-ups of hands and faces and objects cut to rhythmic sound design — reduces characters to mechanisms. In Requiem for a Dream, the grammar of efficiency is applied to addiction rituals until the human beings performing them are visually indistinguishable from their compulsions. The editing style is the dehumanization the film is describing.","analysis",""
"The reason Eyes Wide Shut feels unresolved is that Kubrick died before post-production finished, but the unresolution is also formally appropriate to the material. The film is about a night of potential transgression followed by a return to domestic order — but the return is uneasy, provisional, acknowledged as a performance. An ending that ties everything up would contradict the film's argument about the precariousness of bourgeois stability.","analysis",""
"Hiroshima Mon Amour is formally a film about the impossibility of testimony. The woman tries to speak about Hiroshima and the man, who was there, says 'You have seen nothing.' Resnais cuts between her claims and archival footage of the actual destruction. The montage doesn't confirm or deny her account — it holds the question of what it means to bear witness to someone else's catastrophe open without resolving it.","analysis",""
"Cleo from 5 to 7 runs in near-real time and the formal decision has a specific function: we share the two hours with Cleo, which means we share the waiting. Varda doesn't compress the time between the doctor's office and the results because the film is about what happens to consciousness during that waiting — how Cleo sees Paris, how Paris sees her, how one afternoon can be a whole film.","analysis",""
"The rape scene in Irreversible is formally distinct from how sexual violence is usually filmed because Noé holds the single static wide shot for nine minutes. There are no cuts, no close-ups, no musical score. The formal decision refuses the conventional grammar of trauma representation — no fragmenting edits, no subjective camera — which means the viewer cannot be given the technical means of looking away. This is an ethical choice that critics should engage with rather than simply find unwatchable.","analysis",""
"The cast of non-professional actors in Pasolini's The Gospel According to Matthew is not simply a neorealist convention — it's an argument about how divinity should look. Pasolini was a Marxist atheist who believed Christ's story was fundamentally a story of the poor and the dispossessed, and casting untrained faces from southern Italian farming communities makes that argument visible on screen without a word of dialogue.","analysis",""
"In Yi Yi, the subplot of the eight-year-old photographing the backs of people's heads escalates from charming quirk to the film's central metaphor when we see the photo of the grandmother — the only person in the film who genuinely cannot see her own back, because she is in a coma. Yang-Yang is documenting the gap between how people see themselves and how they appear to others. The child understands what the adults cannot articulate.","analysis",""
"The structural decision in Memento to run the color sequences in reverse while the black-and-white sequences run forward creates two competing temporalities that eventually resolve into a single narrative — but the resolution reveals that Leonard's entire project of revenge is built on a lie he constructed himself. Nolan's form produces the exact same experience in the viewer that it is diagnosing in the protagonist: we believe our own constructed narrative until we can't.","analysis",""
"The Conformist's cinematography by Vittorio Storaro uses fascist architecture as a psychological mirror. The wide empty corridors, the oppressive geometry, the oblique light sources from single high windows — these are not just period recreation. Bertolucci and Storaro are arguing that Marcello's psychological rigidity and the fascist aesthetic are the same structure. The political is made visible through the visual.","analysis",""
"The extended suicide attempt staging in The Virgin Suicides — Lisbon's hospital bed interview — uses the detached, ironic voiceover of the adult narrators against the image of a child in crisis. The form creates a horror that the words won't name: adults who aestheticize tragedy, who treat the girls as objects of fascination rather than subjects of care. Coppola's formal choice indicts the narrators and the culture they represent.","analysis",""
"Sátántangó's seven-hour length is not an endurance test — it is the experience the film is constructing. The Hungarian village it depicts has no future and no meaningful present; time in it is not progressive but circular, repetitive, caught. Making the audience sit for seven hours in the same exhausted rhythm is the only way to produce the phenomenology of that entrapment. You cannot cut your way to that feeling.","analysis",""
"Scorsese is the most overrated director in American cinema. His films are technically impressive and completely emotionally empty. I have never cared about a single character he has put on screen. The man confuses kinetic editing and great soundtracks for actual depth and the film community has let him get away with it for fifty years.","hot_take",""
"Interstellar is a bad film. It is not a flawed great film or an ambitious failure. It is a bad film. The third act is incoherent, the dialogue is embarrassing, and the emotional manipulation is so nakedly calculated that I felt insulted watching it. The fact that people treat it as profound science fiction is a collective delusion.","hot_take",""
"The Godfather is the most overrated film ever made. It's a well-made mob movie with good performances and it does not deserve to sit at the top of every greatest films list. It is a story about criminals with good cinematography. The reverence people have for it is pure cinematic mythology.","hot_take",""
"Wes Anderson peaked at Rushmore and has been making the same increasingly hollow film ever since. The symmetry and the deadpan and the pastel palette started as a genuine formal vision and calcified into a brand. His last four films are essentially merchandise.","hot_take",""
"Lars von Trier is a fraud. He is a provocateur who has mistaken shock for profundity for his entire career. Melancholia is the only film he's made that has genuine emotional content and even there he can't help undermining it with his ego.","hot_take",""
"Three Colors: Blue is a worse film than Three Colors: Red and it's not close. Binoche's performance is great but the film has no ideas — it's just suffering aestheticized. Red is one of the greatest films ever made. Blue is a mood board.","hot_take",""
"Terrence Malick lost the plot after The Thin Red Line and has been making expensive screensavers ever since. The Tree of Life gets a pass because it has actual narrative. Everything after is just footage of people running through fields while someone whispers about God. I will not apologize for this.","hot_take",""
"Tarantino's dialogue is not as good as people think it is. It is entertaining, occasionally very funny, and mistaken for something deeper because of how confidently he delivers it. The Hateful Eight is two hours and forty minutes of people talking and none of it means anything. The dialogue is a style imitating a substance it doesn't have.","hot_take",""
"Citizen Kane is not the greatest film ever made and hasn't been for decades. It belongs in the conversation of technically important films but treating it as the ceiling of the art form is a failure of imagination. The film community needs to collectively retire this mythology.","hot_take",""
"Paul Thomas Anderson is a genuinely great director who has made exactly one masterpiece (There Will Be Blood) and several very good films that people mistake for masterpieces because they're long and serious and have great acting. The Master is not a masterpiece. It is an interesting failure.","hot_take",""
"The Lighthouse is Robert Eggers showing off and nothing else. Technically the film is impressive and I understand why people are dazzled by it. But strip away the aspect ratio and the Pattinson performance and the mythological name-dropping and there is a two-hour horror film with almost no actual ideas.","hot_take",""
"Roma is Alfonso Cuarón making a film about himself making a film about his childhood housekeeper. It is a beautifully shot act of self-congratulation. The fact that the film centers the domestic worker while centering the perspective of the wealthy family she served is not a tension the film is interested in examining.","hot_take",""
"Every Paul Verhoeven film is exactly as smart as you want it to be, which means none of them are actually smart — they're mirrors. Starship Troopers is a great satire if you want it to be and a great action film if you want that instead. That isn't intelligence; it's a filmmaker who understood his audience wanted permission to have it both ways.","hot_take",""
"Hereditary is the scariest film of the last decade by a distance. I don't think it's even close. Midsommar is a great film but it is not in Hereditary's league as horror. The attic scene alone contains more genuine dread than most horror directors have produced in their entire careers.","hot_take",""
"Every David Fincher film is technically perfect and spiritually dead. He is the greatest cinematographic craftsman working and his films have nothing to say. Se7en, Fight Club, Zodiac — stunning surfaces over complete moral and emotional emptiness. I'll take a messy film with actual feeling over Fincher's technical perfection every time.","hot_take",""
"Andrei Rublev is a greater film than Stalker and I will defend this position. Stalker is hypnotic and formally extraordinary but Rublev has genuine historical and spiritual weight that Stalker reaches for and doesn't quite achieve. Both are masterpieces but one is more of one.","hot_take",""
"The prestige TV era has permanently damaged how people watch films. Audiences now expect narrative clarity, character explanation, and earned resolution. Films that refuse those things — Lynch, Haneke, Tarr — are now routinely dismissed as 'pretentious' because viewers have been trained by Peak TV to expect maximum comprehension at all times. This is a catastrophe for cinema.","hot_take",""
"Christopher Nolan is the most talented technically limited filmmaker working at the blockbuster level. He cannot film a conversation. He cannot stage intimacy. He cannot direct actors in quiet scenes. These are not minor limitations — they are fundamental cinematic skills he simply does not have, and the film community excuses them because his action sequences are extraordinary.","hot_take",""
"Joker (2019) is a genuinely good film that the discourse made it impossible to evaluate honestly. People who said it would cause violence were embarrassing themselves and people who called it a masterpiece were overcorrecting. It is a well-acted, well-directed character study that takes exactly one too many bows at its own seriousness.","hot_take",""
"Everything Everywhere All at Once is the most emotionally manipulative Best Picture winner since Crash. It throws everything at you at maximum volume and calls the resulting feeling 'profound.' The multiverse conceit is a mechanism for avoiding the difficult work of actually dramatizing the mother-daughter relationship it claims to be about.","hot_take",""
"Dune is the greatest science fiction film ever made and it's not close. Villeneuve understood that the novel's power comes from world-building and atmosphere and made a film that actually feels like you are inside another civilization rather than observing it through a set. No other sci-fi film has achieved this at this scale.","hot_take",""
"Mank is the most self-indulgent film Fincher has ever made and that's saying something. It is a film about Hollywood made by Hollywood for Hollywood that congratulates itself for being critical of Hollywood. The Kane connection is a pretext. The film is about David Fincher being smarter than everyone in the room.","hot_take",""
"The Shining is a better film than the book because Kubrick strips out King's psychological explanation and replaces it with genuine ambiguity. King understood this and hated the film for exactly the right reasons: it is more interesting than what he wrote. The novel explains; the film withholds. The film wins.","hot_take",""
"Pixar has not made a film as good as the original Toy Story since Toy Story 2. The films have gotten technically better and emotionally more calculated. When a studio learns to make you cry on command, that is not a sign of artistic maturity — it is a sign of industrial expertise, which is a different thing.","hot_take",""
"The French New Wave is the most overtheorized movement in film history. Some great films came out of it, but the auteur theory it produced has done more damage to film criticism than almost anything else — it trained audiences to look for genius directors rather than films, which is the wrong unit of analysis.","hot_take",""
"Whiplash is a one-idea film executed perfectly. The idea is fine. The execution is extraordinary. But people who call it a masterpiece are confusing technical control with thematic richness. It has exactly one thing to say and says it very well. Chazelle has not made a better film since and probably cannot.","hot_take",""
"The Bear season 1 proved television has permanently overtaken cinema for character drama. No film released in 2022 was more emotionally precise or formally inventive than that season. The film community should stop treating this as a threat and start asking why cinema has ceded this ground.","hot_take",""
"Ingmar Bergman is overrated specifically because his reputation was built by a generation of critics who needed to justify art cinema as serious by aligning it with literature and philosophy. Bergman is a great filmmaker. He is not the greatest filmmaker. He is the most philosophical filmmaker and critics who love philosophy have made him the ceiling of an art form he doesn't own.","hot_take",""
"The best film of the 21st century is In the Mood for Love and it's not debatable at this point. Mulholland Drive is its only competition and Mulholland Drive is a more impressive film that is less moving. Moving matters more.","hot_take",""
"Everything Denis Villeneuve makes is beautiful and nothing he makes is alive. Sicario is the closest he's come to genuine urgency and even there the beauty keeps getting in the way. Dune is the logical endpoint: a film that is so perfectly realized as spectacle that it has no interior life whatsoever and doesn't need one.","hot_take",""
"Parasite would be a better film if it committed to being a thriller rather than a social satire. The shift in tone in the third act is jarring rather than illuminating. Bong Joon-ho is trying to do two things and the film would be stronger as either of them individually.","hot_take",""
"David Lynch is the greatest American filmmaker alive and Blue Velvet is the film that proves it. Not Mulholland Drive, not Eraserhead. Blue Velvet because it is the only film he's made that has genuine warmth underneath the horror, and that warmth makes the horror mean something.","hot_take",""
"The problem with Ari Aster is that he is smarter than he is wise. He can construct formal arguments and psychological architectures but he doesn't know what he wants to say with them. Hereditary terrifies but doesn't illuminate. Midsommar seduces but doesn't resolve. Beau is Afraid is just a gifted filmmaker drowning in his own ideas.","hot_take",""
"1917 is an impressive technical exercise that mistook its own formal achievement for emotional achievement. The continuous take creates immediacy but no interiority. We move through the war at speed but we never understand the war or the men in it. The technique is the film and the film is nothing but technique.","hot_take",""
"Coppola and Scorsese spent the 1970s making the same film: brilliant but self-important epics about men who mistake violence for significance. The Godfather and Goodfellas are better versions of the same bad argument. Chinatown, made by a different kind of filmmaker, is greater than both.","hot_take",""
"The horror genre is the most morally serious genre in contemporary cinema and it is treated as the least by the critical establishment. More genuine engagement with death, family, identity, and social violence has happened in horror over the last ten years than in all the prestige dramas combined.","hot_take",""
"Bergman's Persona is the most important film ever made. This is not a hot take — it's a position I've arrived at through watching everything else and coming back to it. It contains every question cinema can ask about identity, performance, and the relationship between art and audience, and it asks them in eighty minutes.","hot_take",""
"Titanic is genuinely one of the best films of the 1990s and film culture's embarrassment about this says more about film culture than it says about Titanic. Cameron made a film that works as spectacle, as romance, and as historical drama simultaneously, which almost no one can do. The snobbery around it is pure class anxiety about what 'serious cinema' is supposed to look like.","hot_take",""
"Stanley Kubrick was not a humanist and his films are worse for it. He was a brilliant misanthrope who made beautiful films about how contemptible people are. The films are technically extraordinary and emotionally refrigerated. I don't think this is a controversial position but the Kubrick cult treats it as heresy.","hot_take",""
"The best directors working today are all women: Chloé Zhao, Kelly Reichardt, Céline Sciamma, Andrea Arnold, Mia Hansen-Løve. This is not a political statement — it is a formal one. The most interesting things being done with intimacy, duration, and the phenomenology of daily life are being done by directors who are not Nolan, Villeneuve, or Scorsese.","hot_take",""
"Oppenheimer is the best film Christopher Nolan has ever made because it is the only film he has made where his inability to film intimacy is the subject rather than the failure. Oppenheimer cannot connect with anyone. He exists in ideas and events. Nolan's cold precision finally matches his protagonist.","hot_take",""
"The reputation of 2001: A Space Odyssey rests almost entirely on the final fifteen minutes. The first two hours are a masterclass in sci-fi world-building and the last fifteen minutes are the greatest sequence in the history of cinema. The gap between those two things is not a flaw — it's the whole argument.","hot_take",""
"Andrei Tarkovsky made exactly two genuinely great films: Stalker and Andrei Rublev. The rest are the same formal ideas applied with diminishing returns. The Mirror is beautiful and I don't know what it is about. Solaris is a great science fiction premise with a Tarkovsky film placed on top of it. The cult exceeds the work.","hot_take",""
"The most underrated film of the last twenty years is Carlos (2010). It is five and a half hours long, completely ignored by the film community, and one of the most formally and politically sophisticated films about terrorism and ideology ever made. Assayas is in the top five directors of his generation and this film is why.","hot_take",""
"Bones and All is Guadagnino's best film and it will be recognized as such once people stop being distracted by the cannibalism. It is a genuine American road movie and a precise portrait of marginalization, desire, and the violence of living outside social structures. Call Me by Your Name is beautiful but thin. This is the real thing.","hot_take",""
"The ending of The Sopranos is the greatest piece of direction in television history and anyone who found it unsatisfying misunderstood the show they had been watching for eight years. The cut to black is not a refusal — it is the show's thesis rendered in one editorial choice.","hot_take",""
"Michael Haneke is a great filmmaker who doesn't trust his audience enough. Every film he makes is designed to make you feel implicated and then makes sure you know you should feel implicated. The effect is the opposite of his intention: the more he lectures, the less implicated I feel. Cache is the exception because the accusation arrives indirectly.","hot_take",""
"The greatest performance in cinema history is Falconetti in The Passion of Joan of Arc. No one before or after has done what she does in that film. Day-Lewis is the greatest actor of the sound era but Falconetti in one silent film outperforms every other performance ever committed to celluloid.","hot_take",""
"Bong Joon-ho is a more important filmmaker than Park Chan-wook. Park makes better individual films. Bong has a more coherent and more politically urgent body of work. The comparison is interesting because they represent two different ideas of what Korean cinema can be and Bong's idea is more necessary right now.","hot_take",""
"The New Hollywood era (1967–1976) is the only era in American film history that produced genuinely great cinema at an industrial scale. The studio system before it and the blockbuster system after it are both hostile to ambiguity, and American cinema without ambiguity is not serious cinema.","hot_take",""
"Annihilation is the best science fiction film of the 21st century. It is the only sci-fi film since 2001 that takes seriously the idea that contact with the genuinely alien would be incomprehensible rather than translatable. Arrival is about communication; Annihilation is about transformation. Transformation is the more interesting idea.","hot_take",""
"Just finished Jeanne Dielman for the first time. I have been sitting here for thirty minutes unable to do anything. I don't know how to describe what happened to me during that film. I feel like something has been rearranged.","reaction",""
"Watched Mulholland Drive last night. I have no idea what I just experienced. My brain is completely scrambled in the best possible way. I keep thinking about the blue box. I keep thinking about the diner. What is this film.","reaction",""
"Finally saw Come and See. I knew it had a reputation but I was not prepared. I am not okay. That is not a complaint. That is the only honest response I have.","reaction",""
"Watched Yi Yi for the first time last week and I haven't stopped thinking about it. Something about that film is in my head like a song I can't identify. The last scene made me cry and I'm still not entirely sure why.","reaction",""
"I saw Beau Travail at a rep screening last night and the final shot completely destroyed me. I stood outside the theater for ten minutes. I could not speak. The person I went with had the same reaction and we just stood there together.","reaction",""
"First time watching Certified Copy. I need to lie down. I need to call my parents. I need to reevaluate every relationship I've ever been in. How is this film not talked about constantly. How is this not on every list.","reaction",""
"Just rewatched The Seventh Seal for the first time since college. It hit completely differently at 35. I was a mess. The chess game on the beach is one of the most beautiful things I have ever seen.","reaction",""
"Watched Paddington 2 as a joke to watch with my family and I ugly cried in the last twenty minutes. I am a grown adult who cried at Paddington 2 and I have no shame about it. The film is made entirely of love.","reaction",""
"Finally watched Scenes from a Marriage (the original six-hour version). My relationship is fine, I think. But I have been looking at my partner differently for three days and not in a bad way. More honestly, maybe. It's unsettling.","reaction",""
"Watched Grave of the Fireflies alone. I did not adequately prepare myself. I am 34 years old and I sobbed like a child and then sat on my couch unable to get up for an hour. I knew the reputation. I was not prepared.","reaction",""
"Just got back from my first theatrical screening of 2001 in 70mm. I have seen this film ten times and it was like seeing it for the first time. I cried during the Star Child sequence and I cannot tell you why. The image was doing something to me.","reaction",""
"Watched Aftersun last night. I thought I was following a gentle, sad film about a summer holiday. Then the last ten minutes happened and I felt the bottom drop out. I've been thinking about my own parents differently all day.","reaction",""
"First watch of The Mirror by Tarkovsky. I don't understand what I watched. I don't mean I didn't follow it — I mean the film seems to operate below the level of understanding and I responded to it there. Strange experience. I want to watch it again immediately.","reaction",""
"Watched Perfect Blue for the first time last night. I finished it and then just lay in the dark for a while. It does something to your sense of identity that I can only describe as disturbing in the best possible sense.","reaction",""
"Just finished A Separation and I haven't felt this wrung out by a film since I first saw Caché. The ending hit me physically. I was not expecting it to end that way. I need to sit with it.","reaction",""
"Watched The Sacrifice (Tarkovsky) alone on a Saturday night and spent Sunday in a fog. The burning house sequence is one of the most overwhelming things I have ever experienced in cinema. I mean this literally — I felt overwhelmed.","reaction",""
"Finally watched Moonlight. I'm 28 years old and I've never seen my own experience on screen before. I watched it alone and I cried for the last forty minutes. I don't know what else to say. It's a real film.","reaction",""
"Just saw The Zone of Interest at a rep screening. I didn't know how to feel during the film — nothing happens, in a way — and then I walked outside and it landed all at once. I stood in a parking lot for a long time.","reaction",""
"Watched Pather Panchali for the first time. Something about that film is so tender and so honest about poverty and childhood that I kept having to pause it. Not because I was overwhelmed but because I wanted to stay in each scene longer.","reaction",""
"First watch of The Tree of Life. I went in skeptical — I've bounced off Malick before — and I cried three times. I don't fully know why. The film is doing something below the level of narrative and my body responded to it before my brain did.","reaction",""
"Rewatched In the Mood for Love for the first time in five years, after a breakup. I don't recommend this. It is not a film to watch after a breakup. Or maybe it is exactly the film to watch after a breakup. I'm still not sure which.","reaction",""
"Just watched Sátántangó over three days. The experience of watching a seven-hour film in a village caught in circular time over multiple days is something I cannot fully articulate. The pacing got into my body. I was moving more slowly by day three.","reaction",""
"Watched The Florida Project last night. The ending came out of nowhere and I was not ready. I've been thinking about it all morning. The film is about joy and it ended and I felt bereaved.","reaction",""
"First time watching Vera Drake. It's a Mike Leigh film so I knew it would hurt. I was not prepared for how much. I had to pause it twice. Imelda Staunton is doing something I don't have words for.","reaction",""
"Saw Past Lives in theaters. I didn't cry during it — I was too tense — and then I got to my car and just sat there for a while. The film is quiet and it does its damage quietly.","reaction",""
"Watched Boyhood for the first time since it came out. Something about watching it at 30 instead of 22 completely changed the experience. I watched as Mason and I watched as his parents. Both were devastating in different ways.","reaction",""
"Just rewatched Yi Yi with my father visiting. He watched in silence. At the end he said 'this is a very wise film.' We sat quietly for a while. We don't usually sit quietly together. Something shifted.","reaction",""
"First watch of Portrait of a Lady on Fire. I've been a film person for twenty years and I still find films that make me feel like I've never watched a film before. This was one of them.","reaction",""
"Watched Umberto D for the first time. I grew up with a dog and I have not fully recovered. The film is not about the dog, I understand that intellectually. Emotionally the dog is the whole film and the whole film destroyed me.","reaction",""
"Saw Vortex (Gaspar Noé) alone and should not have watched it alone. It's a film about old age and dying at home and I sat with it for a long time after. I kept thinking about my grandparents. I think that was the point.","reaction",""
"First watch of Harakiri (1962). One of the angriest films I have ever seen and the anger is completely controlled and it hit like a wall. I felt genuinely furious by the end in a way I can't remember feeling watching any other film.","reaction",""
"Watched The Son (Dardenne brothers) last night. I spent the whole film tense in a way I couldn't explain and then the ending came and I realized I had been holding my breath metaphorically for 103 minutes. That sustained dread is something.","reaction",""
"Just finished watching Grave of the Fireflies for the second time. The first time I was 19 and I thought it was sad. Now I'm 31 with a kid and it's something else entirely. A different film. Same film.","reaction",""
"Watched Fire Walk With Me for the first time after finishing Twin Peaks. I was not emotionally prepared. The film is so raw compared to the show. It hurt in a specific way. I had to take a walk after.","reaction",""
"Saw The Wailing alone at midnight and could not sleep. I don't mean that as a compliment or a complaint. It is just the honest record of what happened. The film got inside me and I lay awake with it.","reaction",""
"Watched Dancer in the Dark years ago and vowed never again. Rewatched it last week. Same vow. Same devastation. The film has a specific cruelty that is inseparable from its beauty and I genuinely don't know if I admire it or resent it.","reaction",""
"Just finished watching Cache (Haneke). The film left me with a feeling I can only describe as guilty and I don't know specifically what I'm guilty of. I think that's what it was going for. It worked.","reaction",""
"First watch of Werckmeister Harmonies. I don't know what this film is. I know I've never seen anything like it. I know the whale sequence will stay with me for a very long time. I know I need to watch it again.","reaction",""
"Watched Still Walking (Kore-eda) with my family over the holidays. My mom started crying during the dinner scene and couldn't say exactly why. I couldn't either. We talked for two hours after. This film is something.","reaction",""
"Saw Aftersun again, second time, knowing what was coming. The first watch the ending was a shock. The second watch the ending was in every frame from the beginning and that was somehow worse. A different film the second time.","reaction",""
"First watch of Certified Copy. I kept waiting to understand what I was watching and then around the one-hour mark I stopped waiting and just let the film happen to me and something shifted. I don't know how to explain what it did to my sense of what a film can be.","reaction",""
"Just finished the original Scenes from a Marriage miniseries. Six hours. I watched it over three nights. By the end I felt like I had lived through something rather than watched something. That's a very specific feeling I don't get from films often.","reaction",""
"Watched Paprika for the first time after seeing Inception. I now have strong opinions about Inception that I didn't have before. I'm not ready to articulate them. I need more time.","reaction",""
"Rewatched In the Mood for Love. Still the most beautiful film I have ever seen. Still makes me feel a particular specific sadness that I don't have a name for but that I recognize when the film produces it.","reaction",""
"First watch of Vengeance is Mine (Imamura). One of the flattest, most unsentimental films I've seen about violence and I found it devastating because of the flatness, not despite it. Something about withholding emotional guidance hit harder than guidance would have.","reaction",""
"Watched Marriage Story during my own divorce. I know. I know. It was a bad decision. It was exactly the right decision. I cried through most of it and felt less alone through all of it. The film understood.","reaction",""
"Just saw Parasite for the third time and it's a different film every time. The first time as a thriller. The second time knowing the ending and watching the inevitability. Third time as pure formal admiration. It rewards every mode.","reaction",""
"Watched The Humans (2021) with my family. My family is nothing like that family and also exactly like that family in a way I couldn't articulate during the film but can now, alone, after. It sat with me for days.","reaction",""
"First watch of News from Home (Chantal Akerman). I was prepared for Jeanne Dielman but not for this. The letters from her mother over footage of 1970s New York City streets hit me in a way I can't explain. I thought about my own mother for two days.","reaction",""
"Watched Close (Lukas Dhont) at a rep cinema with a friend. We walked home quietly for fifteen minutes before either of us could speak. Then we spoke for two hours. The film earned that silence and that conversation.","reaction",""
"Just rewatched 4 Months, 3 Weeks and 2 Days knowing the ending. The dread is different when you know. The film becomes about inevitability. I don't know which experience is harder. First watch the shock. Second watch the weight of knowing. Both were difficult.","reaction",""
"The reason the Dardenne brothers shoot their social realist dramas without music is not austerity for its own sake — it is a formal argument about causality. Music in conventional cinema tells the viewer how to feel about what they're seeing; it interpolates emotional guidance between image and response. Without it, the viewer is forced to generate their own moral response to the events onscreen. The Dardennes are making ethics, not cinema about ethics.","analysis",""
"The cinematography in Parasite uses two distinct lighting styles — the Parks' house is always naturally lit, with light entering from the garden as if the house produces it; the Kim household is always lit from below or artificially, with light struggling in from street-level windows. Lubezki's grammar literally makes one family appear to live in sunlight and the other in shadow without any moment where this is stated.","analysis",""
"Agnès Varda's Vagabond (Sans toit ni loi) uses a structural device that is formally ruthless: we know from the opening sequence that Mona is dead. Every subsequent interview and scene is not investigation but accumulation of partial truths. Varda refuses to organize these accounts into a coherent portrait; they contradict each other. The film's argument is that a life lived outside social structures is also outside the capacity of social narrative to contain.","analysis",""
"Kubrick's The Shining is a masterpiece and Stephen King is wrong about it. King understands what he wrote but Kubrick understood what horror films can do that novels cannot. The novel explains Jack's psychology in a way that makes him sympathetic. The film refuses explanation in a way that makes the house the monster. The film is better.","hot_take",""
"A.I. Artificial Intelligence is Spielberg's best film and it is not discussed nearly enough. The ending is not saccharine if you understand that the final sequence is David's dream — the film ends with a machine finally experiencing something human, which is the only thing it ever wanted. People who found it sentimental missed the point.","hot_take",""
"Kieslowski is the most underrated director in the canon. He made twelve films that belong in the conversation with the greatest films ever made and he is treated as a slightly obscure European director rather than the peer of Bergman and Tarkovsky that he clearly was. The Dekalog alone should make this case.","hot_take",""
"The discourse around 'elevated horror' is condescending and wrong. It implies that horror films which deal with serious themes have transcended the genre rather than achieved what the genre has always been capable of. The Babadook, Hereditary, and The Witch are great horror films, not films that are too good to be horror.","hot_take",""
"Alfonso Cuarón's Children of Men is the greatest film made in the 21st century and I will not hear arguments for Mulholland Drive, In the Mood for Love, or Spirited Away. Those are great films. Children of Men contains the entire political and emotional condition of the 21st century in 109 minutes. It is a historical document and a masterpiece simultaneously.","hot_take",""
"The career of Agnes Varda makes the auteur theory look both essential and insufficient. She invented the French New Wave, made films for fifty years, and was treated as a footnote to a movement dominated by men who cited her as an influence. The theory privileges directors but not all directors equally. Varda's relative obscurity is a failure of the critical establishment, not of the work.","hot_take",""
"Andrei Zvyagintsev is the greatest filmmaker working today and Leviathan is the most politically urgent film made this decade. The film does more for understanding Russian authoritarianism than any journalism I have read. Elena and Loveless are great. Leviathan is the one.","hot_take",""
"The greatest film score ever written is Ennio Morricone's work for Once Upon a Time in the West and I will die on this hill. Not Herrmann for Vertigo. Not Rota for The Godfather. Morricone understood that the score should not accompany the image — it should mourn it. Every note in that film is grief dressed as beauty.","hot_take",""
"Pixar's best film is not Toy Story or Up or Inside Out. It is The Incredibles and it has not been equaled in the studio's history. Brad Bird made a film that works completely as action cinema, as family drama, and as social satire and the three registers never interfere with each other. It is a formally perfect film.","hot_take",""
"I'll defend Interstellar's third act every time. The tesseract sequence is the only Hollywood blockbuster attempt to dramatize non-linear time from inside subjective experience rather than from narrative convenience. It fails on its own terms but it fails interestingly and bravely and I respect the failure more than I respect the safe success of most blockbusters released that year.","hot_take",""
"The most important film of the 2010s is Beasts of the Southern Wild and it is almost never discussed. It is a film about poverty, ecological disaster, childhood, and the refusal of assimilation made with almost no resources and more formal imagination than anything made with a hundred times the budget in that decade.","hot_take",""
"Hong Sang-soo is the most interesting director working today and the film community is sleeping on him because his films look modest. The modesty is the method. He makes films about conversation and repetition and self-deception with almost no resources and each one reveals something exact about human behavior. Right Now Wrong Then alone would secure a lesser director's legacy.","hot_take",""
"The reason La Règle du jeu (Rules of the Game) is the greatest film ever made — not second, not third, first — is that Renoir achieved formal and moral complexity simultaneously in a film that was hated on release, banned, and then recognized as the definitive portrait of a civilization about to destroy itself. No other film has done all of those things at once.","hot_take",""
"Just watched Aftersun for the first time not knowing anything about it going in. The last fifteen minutes of that film. I don't know what to do with what just happened to me. I've been walking around my apartment for an hour.","reaction",""
"Watched The Witch with my partner last night. We watched in complete silence and when it ended we both just sat there. We tried to talk about it and couldn't really. We went to bed and I lay awake thinking about it. What a film.","reaction",""
"First watch of A Brighter Summer Day (Edward Yang, four-hour version). I had been putting it off for years because of the length. I watched it on a Sunday and by the end I felt like I had lived inside another world for an afternoon. The ending came and I was not ready for it. I was not ready at all.","reaction",""
"Watched After Life (Kore-eda, 1998) alone on a Tuesday and wept quietly for the last twenty minutes. The film asks what memory you would choose to take with you and I spent the rest of the night trying to answer it for myself and couldn't.","reaction",""
"Just finished watching Hiroshima Mon Amour for the first time. I don't fully understand what I watched. I understand I was watching something happening at a level I haven't encountered before. I need to sit with it for a while before I have anything to say.","reaction",""
"Watched Memoria (Apichatpong Weerasethakul) at a theater with no talking on the way home. My partner and I walked for thirty minutes in complete comfortable silence. Some films make silence feel like the right language.","reaction",""
"First watch of Chungking Express. I've been in a slump, filmwise, and then this film just opened something up. It's so alive. Something in it made me happy in a way films haven't made me happy in a while. I keep thinking about the pineapple cans and what that means and how much it doesn't matter that I don't know.","reaction",""
"Rewatched Boyhood with my younger sister who's now the age I was when it came out. She watched it differently than I did at her age. I watched it differently at my age now. We talked about it for three hours. The film keeps being a new film.","reaction",""
"Just watched Uncle Boonmee Who Can Recall His Past Lives alone at midnight. I don't know how to process it. It felt like a dream I was having about someone else's memory. I wasn't scared. I wasn't confused exactly. I was somewhere else for ninety minutes and then I came back.","reaction",""
"Watched Burning (Lee Chang-dong) and have been unsettled ever since. Not scared — unsettled. The film leaves something unresolved that you can feel in your chest for days. I've recommended it to three people and warned all of them.","reaction",""
"First time watching Brief Encounter. I expected something dated and instead I watched one of the saddest films I have ever seen. The restraint of it. The ending. I sat with it for a long time. Some things don't date. Real feeling doesn't date.","reaction",""
"Watched 45 Years alone and immediately texted my partner to tell them I loved them. The film is quiet and then the ending arrives and it's enormous. Charlotte Rampling does something in the final shot that I am still thinking about three days later.","reaction",""
"First watch of Horse Money (Pedro Costa). I don't know how to describe what this film did. I wasn't entertained. I wasn't bored. I was in the presence of something I didn't have language for and I found the experience of not having language strangely moving.","reaction",""
"Watched The Rider (Chloé Zhao) and cried twice without expecting to. The film is so delicate and so honest about masculinity and loss and the specific kind of grief that comes from having to stop being who you thought you were. It found me in a specific place and it stayed there.","reaction",""
"Watched Shoah (the nine-hour Claude Lanzmann documentary) over four days. I don't have a response that feels adequate. The film refuses to be a film in the conventional sense — no archival footage, no reconstruction, only testimony and landscape. By the end I was watching it differently than I started. Something had shifted in how I was present to it.","reaction",""
